city_name,r2,mae,rmse,n_nodes
Ragusa,0.864870181966173,0.40572190215447657,0.5702637542249771,6693
Cremona,0.8158535091767083,0.49869730942078994,0.6431779676648272,6138
Bari,0.809786515107456,0.5476796143932502,0.724043066151917,14855
la Safor,0.8038344162879261,0.5496772177642039,0.7587637427819577,5435
Alessandria,0.7988661778318875,0.5351697147382157,0.7100722835328077,5417
Torino,0.7923086759681777,0.5583828631079469,0.738683046504587,70391
Pavia,0.7891279953592505,0.5657081354582265,0.7215762206402685,7255
la Plana Alta,0.7773983428386892,0.5852251098725073,0.8008259180811372,10265
Bellizzi,0.768001614689358,0.6003600961592612,0.7679500902085424,5715
Milano,0.7517902054385118,0.5627226416930833,0.7305897970854858,227228
Brescia,0.7440726130439271,0.59536467521824,0.7501475357224495,30497
Piacenza,0.7308961199149433,0.5933346322009855,0.7545721213616006,7434
Vigevano,0.7285937059305647,0.533557209619377,0.6811527714462015,6019
Lecco,0.7211873087469285,0.6088439380268531,0.7838194580487742,7149
Gent,0.718829923292976,0.5336525720705421,0.6989269615210072,30182
Ravenna,0.6997692936476078,0.568957231130766,0.7234623023603102,8922
Busto Arsizio,0.6985839803073342,0.5083847134963927,0.6523125991183462,36203
Liberec,0.6818153970575116,0.5424114273918819,0.7008575359510508,16157
Seiersberg-Pirka,0.6774682914304246,0.5999966245967601,0.7560956054201325,37891
Carpi,0.6760356061735446,0.579697782841016,0.7405470682674642,6372
